images/pi_cam/pi_cam_4.jpg,1434
images/pi_cam/pi_cam_4_lowlight.jpg,1434
images/pi_cam/pi_cam_4_motion.jpg,1434
images/pi_cam/pi_cam_4_haze.jpg,1434
images/pi_cam/pi_cam_5.jpg,1496
images/pi_cam/pi_cam_5_lowlight.jpg,1496
images/pi_cam/pi_cam_5_motion.jpg,1496
images/pi_cam/pi_cam_5_haze.jpg,1496
images/pi_cam/pi_cam_6.jpg,1075
images/pi_cam/pi_cam_6_lowlight.jpg,1075
images/pi_cam/pi_cam_6_motion.jpg,1075
images/pi_cam/pi_cam_6_haze.jpg,1075
images/pi_cam/pi_cam_7.jpg,1187
images/pi_cam/pi_cam_7_lowlight.jpg,1187
images/pi_cam/pi_cam_7_motion.jpg,1187
images/pi_cam/pi_cam_7_haze.jpg,1187
images/pi_cam/pi_cam_8.jpg,1275
images/pi_cam/pi_cam_8_lowlight.jpg,1275
images/pi_cam/pi_cam_8_motion.jpg,1275
images/pi_cam/pi_cam_8_haze.jpg,1275
images/pi_cam/pi_cam_9.jpg,1275
images/pi_cam/pi_cam_9_lowlight.jpg,1275
images/pi_cam/pi_cam_9_motion.jpg,1275
images/pi_cam/pi_cam_9_haze.jpg,1275
images/pi_cam/pi_cam_10.jpg,1275
images/pi_cam/pi_cam_10_lowlight.jpg,1275
images/pi_cam/pi_cam_10_motion.jpg,1275
images/pi_cam/pi_cam_10_haze.jpg,1275
images/pi_cam/pi_cam_11.jpg,1147
images/pi_cam/pi_cam_11_lowlight.jpg,1147
images/pi_cam/pi_cam_11_motion.jpg,1147
images/pi_cam/pi_cam_11_haze.jpg,1147
images/pi_cam/pi_cam_12.jpg,3824
images/pi_cam/pi_cam_12_lowlight.jpg,3824
images/pi_cam/pi_cam_12_motion.jpg,3824
images/pi_cam/pi_cam_12_haze.jpg,3824
images/pi_cam/pi_cam_13.jpg,4301
images/pi_cam/pi_cam_13_lowlight.jpg,4301
images/pi_cam/pi_cam_13_motion.jpg,4301
images/pi_cam/pi_cam_13_haze.jpg,4301
images/pi_cam/pi_cam_14.jpg,3128
images/pi_cam/pi_cam_14_lowlight.jpg,3128
images/pi_cam/pi_cam_14_motion.jpg,3128
images/pi_cam/pi_cam_14_haze.jpg,3128
images/pi_cam/pi_cam_15.jpg,1912
images/pi_cam/pi_cam_15_lowlight.jpg,1912
images/pi_cam/pi_cam_15_motion.jpg,1912
images/pi_cam/pi_cam_15_haze.jpg,1912
images/pi_cam/pi_cam_16.jpg,2458
images/pi_cam/pi_cam_16_lowlight.jpg,2458
images/pi_cam/pi_cam_16_motion.jpg,2458
images/pi_cam/pi_cam_16_haze.jpg,2458
images/pi_cam/pi_cam_17.jpg,1811
images/pi_cam/pi_cam_17_lowlight.jpg,1811
images/pi_cam/pi_cam_17_motion.jpg,1811
images/pi_cam/pi_cam_17_haze.jpg,1811
images/pi_cam/pi_cam_18.jpg,1187
images/pi_cam/pi_cam_18_lowlight.jpg,1187
images/pi_cam/pi_cam_18_motion.jpg,1187
images/pi_cam/pi_cam_18_haze.jpg,1187
images/pi_cam/pi_cam_19.jpg,1564
images/pi_cam/pi_cam_19_lowlight.jpg,1564
images/pi_cam/pi_cam_19_motion.jpg,1564
images/pi_cam/pi_cam_19_haze.jpg,1564
images/pi_cam/pi_cam_20.jpg,2458
images/pi_cam/pi_cam_20_lowlight.jpg,2458
images/pi_cam/pi_cam_20_motion.jpg,2458
images/pi_cam/pi_cam_20_haze.jpg,2458
images/pi_cam/pi_cam_21.jpg,1376
images/pi_cam/pi_cam_21_lowlight.jpg,1376
images/pi_cam/pi_cam_21_motion.jpg,1376
images/pi_cam/pi_cam_21_haze.jpg,1376
images/pi_cam/pi_cam_22.jpg,1275
images/pi_cam/pi_cam_22_lowlight.jpg,1275
images/pi_cam/pi_cam_22_motion.jpg,1275
images/pi_cam/pi_cam_22_haze.jpg,1275
images/pi_cam/pi_cam_25.jpg,5735
images/pi_cam/pi_cam_25_lowlight.jpg,5735
images/pi_cam/pi_cam_25_motion.jpg,5735
images/pi_cam/pi_cam_25_haze.jpg,5735
images/pi_cam/pi_cam_26.jpg,4916
images/pi_cam/pi_cam_26_lowlight.jpg,4916
images/pi_cam/pi_cam_26_motion.jpg,4916
images/pi_cam/pi_cam_26_haze.jpg,4916
images/pi_cam/pi_cam_27.jpg,3128
images/pi_cam/pi_cam_27_lowlight.jpg,3128
images/pi_cam/pi_cam_27_motion.jpg,3128
images/pi_cam/pi_cam_27_haze.jpg,3128
images/pi_cam/pi_cam_28.jpg,3441
images/pi_cam/pi_cam_28_lowlight.jpg,3441
images/pi_cam/pi_cam_28_motion.jpg,3441
images/pi_cam/pi_cam_28_haze.jpg,3441
images/pi_cam/pi_cam_29.jpg,17206
images/pi_cam/pi_cam_29_lowlight.jpg,17206
images/pi_cam/pi_cam_29_motion.jpg,17206
images/pi_cam/pi_cam_29_haze.jpg,17206
images/pi_cam/pi_cam_30.jpg,3441
images/pi_cam/pi_cam_30_lowlight.jpg,3441
images/pi_cam/pi_cam_30_motion.jpg,3441
images/pi_cam/pi_cam_30_haze.jpg,3441
images/pi_cam/pi_cam_31.jpg,3824
images/pi_cam/pi_cam_31_lowlight.jpg,3824
images/pi_cam/pi_cam_31_motion.jpg,3824
images/pi_cam/pi_cam_31_haze.jpg,3824
images/pi_cam/pi_cam_32.jpg,4916
images/pi_cam/pi_cam_32_lowlight.jpg,4916
images/pi_cam/pi_cam_32_motion.jpg,4916
images/pi_cam/pi_cam_32_haze.jpg,4916
images/pi_cam/pi_cam_33.jpg,2868
images/pi_cam/pi_cam_33_lowlight.jpg,2868
images/pi_cam/pi_cam_33_motion.jpg,2868
images/pi_cam/pi_cam_33_haze.jpg,2868
images/pi_cam/pi_cam_34.jpg,4301
images/pi_cam/pi_cam_34_lowlight.jpg,4301
images/pi_cam/pi_cam_34_motion.jpg,4301
images/pi_cam/pi_cam_34_haze.jpg,4301
images/pi_cam/pi_cam_35.jpg,4916
images/pi_cam/pi_cam_35_lowlight.jpg,4916
images/pi_cam/pi_cam_35_motion.jpg,4916
images/pi_cam/pi_cam_35_haze.jpg,4916
images/pi_cam/pi_cam_36.jpg,4916
images/pi_cam/pi_cam_36_lowlight.jpg,4916
images/pi_cam/pi_cam_36_motion.jpg,4916
images/pi_cam/pi_cam_36_haze.jpg,4916
images/pi_cam/pi_cam_37.jpg,5735
images/pi_cam/pi_cam_37_lowlight.jpg,5735
images/pi_cam/pi_cam_37_motion.jpg,5735
images/pi_cam/pi_cam_37_haze.jpg,5735
images/pi_cam/pi_cam_38.jpg,6882
images/pi_cam/pi_cam_38_lowlight.jpg,6882
images/pi_cam/pi_cam_38_motion.jpg,6882
images/pi_cam/pi_cam_38_haze.jpg,6882
images/pi_cam/pi_cam_39.jpg,4916
images/pi_cam/pi_cam_39_lowlight.jpg,4916
images/pi_cam/pi_cam_39_motion.jpg,4916
images/pi_cam/pi_cam_39_haze.jpg,4916
images/pi_cam/pi_cam_41.jpg,2868
images/pi_cam/pi_cam_41_lowlight.jpg,2868
images/pi_cam/pi_cam_41_motion.jpg,2868
images/pi_cam/pi_cam_41_haze.jpg,2868
images/pi_cam/pi_cam_42.jpg,2868
images/pi_cam/pi_cam_42_lowlight.jpg,2868
images/pi_cam/pi_cam_42_motion.jpg,2868
images/pi_cam/pi_cam_42_haze.jpg,2868
images/pi_cam/pi_cam_43.jpg,3441
images/pi_cam/pi_cam_43_lowlight.jpg,3441
images/pi_cam/pi_cam_43_motion.jpg,3441
images/pi_cam/pi_cam_43_haze.jpg,3441
images/pi_cam/pi_cam_44.jpg,2294
images/pi_cam/pi_cam_44_lowlight.jpg,2294
images/pi_cam/pi_cam_44_motion.jpg,2294
images/pi_cam/pi_cam_44_haze.jpg,2294
images/pi_cam/pi_cam_45.jpg,2294
images/pi_cam/pi_cam_45_lowlight.jpg,2294
images/pi_cam/pi_cam_45_motion.jpg,2294
images/pi_cam/pi_cam_45_haze.jpg,2294
images/pi_cam/pi_cam_46.jpg,3441
images/pi_cam/pi_cam_46_lowlight.jpg,3441
images/pi_cam/pi_cam_46_motion.jpg,3441
images/pi_cam/pi_cam_46_haze.jpg,3441
images/pi_cam/pi_cam_47.jpg,34412
images/pi_cam/pi_cam_47_lowlight.jpg,34412
images/pi_cam/pi_cam_47_motion.jpg,34412
images/pi_cam/pi_cam_47_haze.jpg,34412
images/pi_cam/pi_cam_48.jpg,17206
images/pi_cam/pi_cam_48_lowlight.jpg,17206
images/pi_cam/pi_cam_48_motion.jpg,17206
images/pi_cam/pi_cam_48_haze.jpg,17206
images/pi_cam/pi_cam_49.jpg,1912
images/pi_cam/pi_cam_49_lowlight.jpg,1912
images/pi_cam/pi_cam_49_motion.jpg,1912
images/pi_cam/pi_cam_49_haze.jpg,1912
images/pi_cam/pi_cam_50.jpg,5735
images/pi_cam/pi_cam_50_lowlight.jpg,5735
images/pi_cam/pi_cam_50_motion.jpg,5735
images/pi_cam/pi_cam_50_haze.jpg,5735
